feature,importance
e_hat,0.3207601
theta_skill,0.12692846
diff_skill,0.07665748
skill_code,0.03779438
diff_ttype,0.03620551
ttype_code,0.033164557
exp_avg,0.031536438
surprise5,0.030942958
score_momentum,0.024732638
theta_g,0.023912003
disc_code,0.023811338
theta_disc,0.023205573
gap_bucket,0.021622142
lag1,0.018599415
roll3,0.01736629
month,0.016976783
days_gap,0.016861241
is_cold,0.015907586
n_skill,0.015299642
theta_range,0.013890175
dayofweek,0.013002
n_global,0.012752747
rd_disc,0.012675169
n_disc,0.012330242
rd_g,0.011678798
test_num,0.011386207
